epsilon,pm_theo,pm_empirical,sw_theo,sw_empirical,exp_theo,exp_empirical,krr_theo,krr_empirical
1,0.000000,0.182,0.000000,0.195,0.000000,0.139,0.000000,0.098
2,0.000048,0.407,0.000006,0.376,0.000000,0.233,0.000000,0.097
3,0.003132,0.659,0.000219,0.563,0.000008,0.375,0.000000,0.134
4,0.033127,0.873,0.001686,0.698,0.000356,0.545,0.000000,0.223
5,0.130615,0.962,0.006123,0.808,0.004612,0.695,0.000019,0.469
6,0.297156,0.985,0.014643,0.845,0.025853,0.806,0.006570,0.804
7,0.511628,0.993,0.027289,0.888,0.081765,0.890,0.129613,0.962
8,0.710479,0.997,0.043428,0.922,0.175891,0.947,0.491432,0.996
9,1.000000,0.998,0.062173,0.943,0.292486,0.973,1.000000,0.999
