epsilon,pm_theo,pm_empirical,pm_std,sw_theo,sw_empirical,sw_std,exp_theo,exp_empirical,exp_std,krr_theo,krr_empirical,krr_std
1,0.000000,0.186,0.005,0.000000,0.177,0.001,0.000000,0.146,0.005,0.000000,0.091,0.006
2,0.000032,0.395,0.006,0.000004,0.368,0.004,0.000000,0.246,0.008,0.000000,0.098,0.007
3,0.002527,0.681,0.007,0.000159,0.568,0.007,0.000004,0.375,0.010,0.000000,0.134,0.004
4,0.029258,0.880,0.001,0.001328,0.718,0.004,0.000210,0.533,0.002,0.000000,0.227,0.002
5,0.121382,0.954,0.004,0.005071,0.794,0.002,0.003074,0.694,0.006,0.000013,0.476,0.008
6,0.281601,0.982,0.002,0.012540,0.863,0.007,0.018988,0.813,0.001,0.005640,0.802,0.008
7,0.501973,0.993,0.001,0.023927,0.894,0.005,0.064796,0.899,0.002,0.121974,0.964,0.001
8,0.704008,0.997,0.000,0.038746,0.921,0.007,0.147839,0.950,0.002,0.484335,0.993,0.001
