epsilon,pm_theo,pm_empirical,sw_theo,sw_empirical,exp_theo,exp_empirical,krr_theo,krr_empirical
1,0.000000,0.248,0.000000,0.253,0.000000,0.222,0.000000,0.194
2,0.000002,0.350,0.000000,0.330,0.000000,0.260,0.000000,0.209
3,0.000494,0.556,0.000013,0.456,0.000000,0.317,0.000000,0.236
4,0.011452,0.731,0.000215,0.559,0.000000,0.397,0.000000,0.281
5,0.069931,0.857,0.001212,0.651,0.000011,0.492,0.000000,0.389
6,0.202780,0.934,0.003876,0.710,0.000200,0.590,0.001365,0.651
7,0.382369,0.969,0.008859,0.765,0.001717,0.672,0.069879,0.885
8,0.625089,0.984,0.016383,0.791,0.008310,0.737,0.362280,0.962
