epsilon,pm_theo,pm_empirical,sw_theo,sw_empirical,krr_theo,krr_empirical,exp_theo,exp_empirical,laplace_theo,laplace_empirical,gaussian_theo,gaussian_empirical
1,0.595857,0.572,0.599896,0.585,0.376900,0.383,0.411457,0.407,0.067127,0.106,0.007171,0.361
2,0.769141,0.754,0.728729,0.719,0.404000,0.403,0.456298,0.447,0.197025,0.228,0.025426,0.384
3,0.859937,0.856,0.801214,0.796,0.467014,0.458,0.500018,0.493,0.332864,0.348,0.051069,0.402
4,0.915032,0.911,0.845951,0.847,0.585999,0.580,0.541962,0.532,0.454119,0.464,0.081490,0.412
5,0.948459,0.945,0.875296,0.877,0.742353,0.743,0.581641,0.567,0.555676,0.548,0.114797,0.421
6,0.968737,0.969,0.895627,0.895,0.872868,0.866,0.618740,0.601,0.638402,0.625,0.149610,0.441
7,0.981037,0.982,0.910393,0.899,0.946516,0.952,0.653094,0.652,0.705056,0.684,0.184924,0.457
8,0.988498,0.988,0.921546,0.925,0.979227,0.978,0.684662,0.669,0.758638,0.746,0.220018,0.484
