epsilon,pm_theo,pm_empirical,sw_theo,sw_empirical,krr_theo,krr_empirical,exp_theo,exp_empirical,laplace_theo,laplace_empirical
1,0.595857,0.580,0.599896,0.577,0.376900,0.997,0.456298,0.451,0.067127,0.107
2,0.769141,0.753,0.728729,0.725,0.404000,0.996,0.541962,0.536,0.197025,0.230
3,0.859937,0.857,0.801214,0.803,0.467014,0.996,0.618740,0.601,0.332864,0.344
4,0.915032,0.917,0.845951,0.841,0.585999,0.996,0.684662,0.668,0.454119,0.456
5,0.948459,0.945,0.875296,0.873,0.742353,0.999,0.739731,0.728,0.555676,0.561
6,0.968737,0.968,0.895627,0.890,0.872868,0.999,0.785036,0.775,0.638402,0.632
7,0.981037,0.981,0.910393,0.909,0.946516,0.999,0.822062,0.814,0.705056,0.699
8,0.988498,0.989,0.921546,0.920,0.979227,1.000,0.852286,0.837,0.758638,0.748
