epsilon,pm_theo,pm_empirical,sw_theo,sw_empirical,krr_theo,krr_empirical,exp_theo,exp_empirical,laplace_theo,laplace_empirical,gaussian_theo,gaussian_empirical
1,0.595857,0.579,0.599896,0.577,0.376900,0.991,0.456298,0.448,0.067127,0.105,0.009196,0.373
2,0.769141,0.781,0.728729,0.733,0.404000,0.990,0.541962,0.522,0.197025,0.228,0.035980,0.369
3,0.859937,0.865,0.801214,0.786,0.467014,0.991,0.618740,0.606,0.332864,0.344,0.078082,0.388
4,0.915032,0.917,0.845951,0.847,0.585999,0.994,0.684662,0.673,0.454119,0.461,0.132153,0.413
5,0.948459,0.947,0.875296,0.869,0.742353,0.996,0.739731,0.725,0.555676,0.550,0.194296,0.459
6,0.968737,0.970,0.895627,0.888,0.872868,0.998,0.785036,0.772,0.638402,0.626,0.260627,0.523
7,0.981037,0.981,0.910393,0.907,0.946516,0.999,0.822062,0.806,0.705056,0.708,0.327731,0.593
8,0.988498,0.985,0.921546,0.919,0.979227,1.000,0.852286,0.843,0.758638,0.759,0.392954,0.681
