epsilon,pm_theo,pm_empirical,sw_theo,sw_empirical,krr_theo,krr_empirical,exp_theo,exp_empirical,laplace_theo,laplace_empirical,gaussian_theo,gaussian_empirical
1,0.503034,0.622,0.500202,0.612,0.323499,0.439,0.356450,0.484,0.056859,0.120,0.005980,0.032
2,0.702580,0.761,0.655738,0.737,0.345694,0.474,0.398358,0.514,0.169816,0.254,0.021243,0.068
3,0.813501,0.851,0.740865,0.803,0.399886,0.487,0.440001,0.557,0.291924,0.382,0.042789,0.104
4,0.884637,0.904,0.795904,0.825,0.512002,0.556,0.480746,0.609,0.404938,0.510,0.068516,0.140
5,0.929203,0.936,0.833042,0.849,0.678584,0.692,0.520081,0.630,0.503161,0.578,0.096901,0.176
6,0.956755,0.963,0.859253,0.871,0.834170,0.843,0.557619,0.667,0.586100,0.667,0.126829,0.210
7,0.973659,0.978,0.878536,0.887,0.928529,0.928,0.593101,0.693,0.655201,0.741,0.157478,0.240
8,0.983982,0.989,0.893238,0.885,0.971948,0.973,0.626374,0.736,0.712451,0.770,0.188244,0.276
