epsilon,pm_theo,pm_empirical,sw_theo,sw_empirical,krr_theo,krr_empirical,exp_theo,exp_empirical,laplace_theo,laplace_empirical
1,0.500736,0.636,0.497851,0.616,0.318500,0.997,0.391786,0.520,0.056667,0.127
2,0.701980,0.761,0.655061,0.740,0.340712,0.996,0.472651,0.598,0.169225,0.259
3,0.813105,0.861,0.740332,0.788,0.395014,0.995,0.548193,0.665,0.290894,0.391
4,0.884385,0.907,0.795473,0.819,0.507611,0.997,0.615900,0.720,0.403513,0.504
5,0.929045,0.939,0.832684,0.853,0.675359,0.998,0.674912,0.769,0.501418,0.590
6,0.956658,0.960,0.858949,0.868,0.832378,0.999,0.725442,0.806,0.584125,0.666
7,0.973600,0.975,0.878271,0.888,0.927728,0.999,0.768255,0.837,0.653077,0.719
8,0.983946,0.983,0.893004,0.896,0.971628,1.000,0.804317,0.870,0.710246,0.772
