epsilon,pm_theo,pm_empirical,sw_theo,sw_empirical,krr_theo,krr_empirical,exp_theo,exp_empirical,laplace_theo,laplace_empirical
1,0.859454,0.852,0.853532,0.849,0.753204,0.990,0.829731,0.824,0.122251,0.195
2,0.914714,0.906,0.899785,0.889,0.729374,0.991,0.881719,0.880,0.323666,0.374
3,0.948257,0.944,0.926563,0.917,0.670772,0.995,0.919367,0.920,0.501823,0.533
4,0.968611,0.971,0.943090,0.942,0.548025,0.995,0.945358,0.954,0.637695,0.654
5,0.980959,0.979,0.953931,0.950,0.362943,0.996,0.962728,0.971,0.735989,0.747
6,0.988451,0.986,0.961442,0.963,0.188023,0.997,0.974128,0.981,0.805899,0.806
7,0.992995,0.994,0.966897,0.962,0.081208,0.999,0.981573,0.988,0.855612,0.858
8,0.995751,0.996,0.971017,0.967,0.031903,1.000,0.986472,0.995,0.891261,0.892
