epsilon,pm_theo,pm_empirical,sw_theo,sw_empirical,krr_theo,krr_empirical,exp_theo,exp_empirical,laplace_theo,laplace_empirical
1,0.859454,0.840,0.853532,0.844,0.753204,0.992,0.829731,0.827,0.122251,0.195
2,0.914714,0.916,0.899785,0.888,0.729374,0.993,0.881719,0.885,0.323666,0.383
3,0.948257,0.943,0.926563,0.923,0.670772,0.994,0.919367,0.925,0.501823,0.539
4,0.968611,0.968,0.943090,0.937,0.548025,0.994,0.945358,0.959,0.637695,0.642
5,0.980959,0.976,0.953931,0.948,0.362943,0.994,0.962728,0.969,0.735989,0.746
6,0.988451,0.985,0.961442,0.957,0.188023,0.998,0.974128,0.979,0.805899,0.807
7,0.992995,0.989,0.966897,0.968,0.081208,0.998,0.981573,0.987,0.855612,0.866
8,0.995751,0.995,0.971017,0.961,0.031903,1.000,0.986472,0.996,0.891261,0.888
