epsilon,pm_theo,pm_empirical,exp_theo,exp_empirical,laplace_theo,laplace_empirical,gaussian_theo,gaussian_empirical
1,0.669235,0.883,0.550258,0.810,0.080348,0.188,0.008741,0.060
2,0.799285,0.922,0.637035,0.818,0.231770,0.350,0.030967,0.118
3,0.878225,0.958,0.711879,0.835,0.385254,0.482,0.062130,0.173
4,0.926127,0.974,0.773682,0.847,0.517718,0.588,0.099001,0.228
5,0.955189,0.985,0.823225,0.866,0.624725,0.659,0.139240,0.275
6,0.972819,0.991,0.862218,0.889,0.708595,0.733,0.181139,0.322
7,0.983513,0.996,0.892597,0.902,0.773476,0.789,0.223459,0.356
8,0.990000,0.997,0.916160,0.918,0.823455,0.822,0.265313,0.390
