epsilon,pm_theo,pm_empirical,sw_theo,sw_empirical,krr_theo,krr_empirical,exp_theo,exp_empirical,laplace_theo,laplace_empirical
1,0.668023,0.889,0.654034,0.877,0.447017,1.000,0.539721,0.816,0.080037,0.193
2,0.798550,0.924,0.763286,0.917,0.449482,1.000,0.626337,0.820,0.230980,0.348
3,0.877779,0.961,0.826537,0.938,0.447381,1.000,0.701442,0.829,0.384103,0.481
4,0.925856,0.978,0.865575,0.950,0.413744,1.000,0.763822,0.849,0.516369,0.575
5,0.955025,0.983,0.891182,0.965,0.311189,1.000,0.814146,0.861,0.623311,0.662
6,0.972719,0.991,0.908923,0.969,0.175473,1.000,0.854022,0.880,0.707208,0.723
7,0.983453,0.996,0.921808,0.970,0.078992,1.000,0.885314,0.904,0.772171,0.779
8,0.989963,0.996,0.931540,0.972,0.031569,1.000,0.909769,0.914,0.822263,0.826
