epsilon,pm_theo,pm_empirical,exp_theo,exp_empirical,laplace_theo,laplace_empirical,gaussian_theo,gaussian_empirical
1,0.669235,0.878,0.550258,0.810,0.080348,0.188,0.008741,0.061
2,0.799285,0.925,0.637035,0.820,0.231770,0.342,0.030967,0.120
3,0.878225,0.956,0.711879,0.835,0.385254,0.469,0.062130,0.173
4,0.926127,0.972,0.773682,0.849,0.517718,0.587,0.099001,0.225
5,0.955189,0.985,0.823225,0.869,0.624725,0.660,0.139240,0.284
6,0.972819,0.986,0.862218,0.888,0.708595,0.731,0.181139,0.328
7,0.983513,0.991,0.892597,0.901,0.773476,0.780,0.223459,0.369
8,0.990000,0.997,0.916160,0.920,0.823455,0.837,0.265313,0.402
