epsilon,pm_theo,pm_empirical,sw_theo,sw_empirical,krr_theo,krr_empirical,exp_theo,exp_empirical,laplace_theo,laplace_empirical
1,0.668023,0.879,0.654034,0.873,0.447017,1.000,0.539721,0.804,0.080037,0.188
2,0.798550,0.921,0.763286,0.916,0.449482,1.000,0.626337,0.824,0.230980,0.344
3,0.877779,0.965,0.826537,0.932,0.447381,1.000,0.701442,0.834,0.384103,0.486
4,0.925856,0.971,0.865575,0.956,0.413744,1.000,0.763822,0.844,0.516369,0.582
5,0.955025,0.985,0.891182,0.960,0.311189,1.000,0.814146,0.868,0.623311,0.676
6,0.972719,0.988,0.908923,0.968,0.175473,1.000,0.854022,0.887,0.707208,0.728
7,0.983453,0.996,0.921808,0.971,0.078992,1.000,0.885314,0.898,0.772171,0.786
8,0.989963,0.998,0.931540,0.973,0.031569,1.000,0.909769,0.915,0.822263,0.829
